Condado,Abogado/firma ,Dirección ,ZIP Code,Telefono,Especialidad ,Region
Orange County,The Rivas Law Firm,"111 N Orange Ave #800, Orlando, FL",32801,(407) 644-8844,Immigration,Orlando
Seminole County,Law Office of Sherri L. Collins,"111 N Wymore Rd, Altamonte Springs, FL",32714,(407) 862-6464,Family Law,Altamonte Springs
Seminole County,Law Office of Jennifer Jackson,"255 Primera Blvd #160, Lake Mary, FL",32746,(407) 333-4455,Family Law,Lake Mary
Polk County,Law Office of Kevin R. McNamara,"2210 S Florida Ave, Lakeland, FL",33803,(863) 687-0200,Family Law,Lakeland
Polk County,Law Office of David M. Taylor,"113 Palmola St, Lakeland, FL",33803,(863) 682-1900,Family Law,Lakeland
Lake County,Law Office of James E. Thomas,"315 W Main St, Tavares, FL",32778,(352) 343-4444,Family Law,Tavares
Flagler County,The Law Office of Michael E. Haas,"1 Florida Park Dr S, Palm Coast, FL",32137,(386) 445-1122,Family Law,Palm Coast
Highlands County,Law Office of James L. Lowman,"205 S Commerce Ave, Sebring, FL",33870,(863) 385-5156,Family Law,Sebring
Escambia County,"The Virga Law Firm, P.A.","109 E Garden St #500, Pensacola, FL",32502,(850) 466-3330,Family Law,Pensacola
Escambia County,The Law Office of J. Scott Smith,"4400 Bayou Blvd #35, Pensacola, FL",32503,(850) 476-0000,Family Law,Pensacola
Leon County,The Law Office of Kristine M. Van Vorst,"101 N Monroe St #900, Tallahassee, FL",32301,(850) 224-7000,Family Law,Tallahassee
Leon County,The Law Office of Jami Coleman,"307 S Calhoun St, Tallahassee, FL",32301,(850) 222-9700,Family Law,Tallahassee
Okaloosa County,The Law Office of Jeffrey Burns,"154 Brooks St SE, Fort Walton Beach, FL",32548,(850) 244-6666,Family Law,Fort Walton Beach
Santa Rosa County,The Law Office of Michael D. Payne,"4495 Caroline St, Milton, FL",32570,(850) 623-4000,Family Law,Milton
Santa Rosa County,The Law Office of David A. Colecchi,"4475 Woodbine Rd, Pace, FL",32571,(850) 995-9999,Family Law,Pace
Bay County,The Law Office of Daniel W. Brown,"431 Magnolia Ave, Panama City, FL",32401,(850) 785-4445,Family Law,Panama City
Bay County,The Law Office of J. Ryan Carpenter,"1022 Harrison Ave, Panama City, FL",32401,(850) 769-3434,Family Law,Panama City
Duval County,The Law Office of Alysia A. Keplinger,"233 E Bay St #920, Jacksonville, FL",32202,(904) 358-2757,Family Law,Jacksonville
St. Johns County,The Law Office of Erin E. Borries,"255 W King St, St Augustine, FL",32084,(904) 829-1900,Family Law,St. Augustine
Alachua County,"The Law Office of Bogin, Munns & Munns (Gainesville)","2700 NW 43rd St #C, Gainesville, FL",32606,(352) 332-7688,Family Law,Gainesville
Clay County,"The Law Office of Lasky & Davis, P.A.","1835-3 Eastwest Pkwy, Fleming Island, FL",32003,(904) 269-1111,Family Law,Fleming Island
Marion County,"The Law Office of Bogin, Munns & Munns (Ocala)","1396 E Silver Springs Blvd, Ocala, FL",34470,(352) 732-7777,Family Law,Ocala
Nassau County,The Law Office of A. James Mullaney,"11 S 4th St, Fernandina Beach, FL",32034,(904) 261-5465,Family Law,Fernandina Beach
Walton County,The Law Office of Gregory D. Smith,"541 US Hwy 90 W #A, DeFuniak Springs, FL",32433,(850) 892-1133,Family Law,DeFuniak Springs
Gadsden County,The Law Office of Patricia A. Williams,"10 E Jefferson St, Quincy, FL",32351,(850) 875-8800,Family Law,Quincy
Hillsborough County,The Law Office of Haas Law Group,"320 W Kennedy Blvd #220, Tampa, FL",33606,(813) 254-1000,Family Law,Tampa
Hillsborough County,"The Law Office of All Family Law Group, P.A.","511 W Bay St #350, Tampa, FL",33606,(813) 672-1900,Family Law,Tampa
Pinellas County,"The Law Office of Jennifer L. Zwiebel, P.A.","2385 Tampa Rd #4, Palm Harbor, FL",34683,(727) 787-2500,Family Law,Palm Harbor
Pinellas County,"The Law Office of Family Matters Law Group, P.A.","1301 Seminole Blvd #150, Largo, FL",33770,(727) 397-5571,Family Law,Largo
Broward County,"The Law Office of The Quattro Firm, PLLC","200 SE 6th St #300, Fort Lauderdale, FL",33301,(954) 900-8885,Family Law,Fort Lauderdale
Broward County,The Law Office of Vasquez de Lara Law Group,"600 W Las Olas Blvd, Fort Lauderdale, FL",33312,(954) 530-5520,Family Law,Fort Lauderdale
Palm Beach County,"The Law Office of Ronald H. Kauffman, P.A.","100 S Dixie Hwy #200, West Palm Beach, FL",33401,(561) 478-1171,Family Law,West Palm Beach
Palm Beach County,"The Law Office of Beebe Armstrong, P.A.","250 S Australian Ave #1200, West Palm Beach, FL",33401,(561) 820-9000,Family Law,West Palm Beach